{"2": {"var_loss": 0.0, "ideal_loss": 0.0020884571063950787, "closure_loss": 1.6878088711060044, "shear_loss": 0.006933115008966321, "curr_loss": 2.9392946569570473}, "3": {"var_loss": 3.121535503678834e-05, "ideal_loss": 0.0019611097796691963, "closure_loss": 1.0881964187497921, "shear_loss": 0.01932168507926033, "curr_loss": 2.6806064493072945}, "4": {"var_loss": 9.903167457655815e-06, "ideal_loss": 0.0009667516008476425, "closure_loss": 0.5606311589962888, "shear_loss": 0.03730850649092395, "curr_loss": 1.33389152412499}, "5": {"var_loss": 1.553594075311147e-05, "ideal_loss": 0.00048239931139561437, "closure_loss": 0.23198378253216737, "shear_loss": 0.03604944191356347, "curr_loss": 0.7121203483408189}, "6": {"var_loss": 1.5067029197245028e-05, "ideal_loss": 0.00027214780481839024, "closure_loss": 0.07128407554278468, "shear_loss": 0.05068624070164268, "curr_loss": 0.43381122927765037}, "7": {"var_loss": 1.1306512658366294e-05, "ideal_loss": 0.00021091471361359623, "closure_loss": 0.03137767822831388, "shear_loss": 0.06593261833428816, "curr_loss": 0.3490687343538728}}