{"2": {"var_loss": 0.0, "ideal_loss": 0.002025912542659639, "closure_loss": 1.573719339394572, "shear_loss": 0.022029402432286495, "curr_loss": 2.834801614789211}, "3": {"var_loss": 4.950626197236165e-05, "ideal_loss": 0.0018655195102651088, "closure_loss": 1.05086523837307, "shear_loss": 0.06022930143284651, "curr_loss": 2.6987127407462985}, "4": {"var_loss": 6.072762934650789e-06, "ideal_loss": 0.0008096408031503488, "closure_loss": 0.49217835935182547, "shear_loss": 0.05614895399219628, "curr_loss": 1.1422427514917117}, "5": {"var_loss": 1.5656873027432973e-05, "ideal_loss": 0.0004209644246692941, "closure_loss": 0.21160723544095283, "shear_loss": 0.05216337357745394, "curr_loss": 0.6572157811043893}, "6": {"var_loss": 1.290124403568717e-05, "ideal_loss": 0.00023933280979794973, "closure_loss": 0.044578007248266945, "shear_loss": 0.0879079644227399, "curr_loss": 0.41403599802325897}, "7": {"var_loss": 1.2977115143262024e-05, "ideal_loss": 0.00022082976811045336, "closure_loss": 0.01132570019376665, "shear_loss": 0.0699568324671611, "curr_loss": 0.3613350263908079}}