{"3": {"var_loss": 3.1920885599453166e-05, "ideal_loss": 0.002183568337381937, "closure_loss": 1.0574969860403092, "shear_loss": 0.01785689550125708, "curr_loss": 2.889778153900614}, "4": {"var_loss": 5.672979818044681e-06, "ideal_loss": 0.0010584083067874822, "closure_loss": 0.5880813471437459, "shear_loss": 0.01842467308410714, "curr_loss": 1.3992385525336857}, "5": {"var_loss": 2.4450541118125636e-06, "ideal_loss": 0.0004973892602135018, "closure_loss": 0.2489605223002806, "shear_loss": 0.007602780595355504, "curr_loss": 0.6416975725180604}, "6": {"var_loss": 1.960448588062652e-06, "ideal_loss": 0.00023754540266963546, "closure_loss": 0.08067164400180353, "shear_loss": 0.006719249198318797, "curr_loss": 0.2944027168091693}, "7": {"var_loss": 1.9279230982158197e-06, "ideal_loss": 0.0001597718499696479, "closure_loss": 0.010318991225075146, "shear_loss": 0.011167426811202075, "curr_loss": 0.18573838788446667}, "8": {"var_loss": 1.3903339120163001e-06, "ideal_loss": 0.0001879536815839622, "closure_loss": 0.050113224428879374, "shear_loss": 0.023940994387582314, "curr_loss": 0.24390295774606574}, "9": {"var_loss": 1.1896096633646185e-06, "ideal_loss": 0.0002976191579567822, "closure_loss": 0.18916762179604543, "shear_loss": 0.02241703349557791, "curr_loss": 0.42056805066720593}}