{"var_loss": 8.560504963600439e-06, "ideal_loss": 0.000401819559815335, "closure_loss": 0.3637629114553776, "shear_loss": 0.03287913874809001, "curr_loss": 0.8070221149824031}