{"var_loss": 1.2778631145773528e-05, "ideal_loss": 0.0002802582934616992, "closure_loss": 0.27719947600509687, "shear_loss": 0.2008518124460619, "curr_loss": 0.7710882130586314}