num_sutures,loss,closure loss,shear loss,var loss,var loss - center,var loss - ins/ext,ideal loss
8.0,1357.9625286512066,0.7467031243739574,22.57494758975619,,2.057805373515374,52.710725744008556,892.9292248905806
9.0,3822.1602483931947,165.24414897047677,26.118130598998928,,0.9603601384469864,76.37923856051995,743.1076078165647
7.0,4919.135035297168,221.44313272865105,20.86791166109574,,0.15579443340063465,62.839151661179606,1114.2440428940379
10.0,12091.820986022181,730.7606506852526,30.106085438884836,,0.027953648702835995,62.62662956962168,603.7855773468045
6.0,14316.153697872769,833.4854494659427,16.49111287222431,,0.15892207376561443,51.89185117889541,1418.1582195639478
11.0,26355.404158249326,1674.6568583224603,40.23457758406596,,0.11438385403866715,85.22612904001093,521.6490150035659
5.0,29943.597109431706,1839.5642018189628,16.1677187271679,,0.20917155172455731,58.85641028933034,1913.646968154746
12.0,45310.70285640642,2954.159886543556,39.62775594259968,,0.0164836457101418,62.66781563064794,423.961081007671
13.0,70510.50104416112,4625.037166967394,49.655877886602696,,0.09601255968423404,80.15368408837344,404.58989497074435
