num_sutures,loss,closure loss,shear loss,var loss,var loss - center,var loss - ins/ext,ideal loss
7.0,1013.1490505386253,1.8123963137334886,27.983954757568473,,0.041389384512499065,18.730839764514208,733.1616208435454
6.0,4681.246369449332,234.851665954734,24.912369907383702,,0.033725928035083716,12.631020683259617,957.7186953554244
8.0,5848.1435896413805,327.5159722597083,34.060052084708346,,0.01976103404500188,29.962812847198084,585.0897358304859
5.0,16800.551879559458,1025.707107531957,16.86993866578921,,0.029167782109115133,7.485405678566474,1285.3331257944478
9.0,19140.01712659501,1213.8526602461484,43.563637625420206,,0.016331402210744535,39.62586837022265,476.4578477278166
4.0,37700.42312991037,2394.174621244167,4.904744343849844,,0.022809794151489666,5.459703156098256,1730.248153062205
10.0,39956.430906464135,2607.3535305541254,51.98356956399296,,0.005301711761389047,33.91990064243002,382.62707593656893
11.0,68737.14280776844,4525.034642618205,64.58853206885445,,0.004658105935180297,37.182100726216774,315.5320065225798
