num_sutures,loss,closure loss,shear loss,var loss,var loss - center,var loss - ins/ext,ideal loss
9.0,70758.29890515484,4653.534030658032,0.026247034289413662,,1.547394611872328e-06,1.4327893767957925e-05,955.1571055768137
8.0,78994.21078389553,5210.592908252316,0.03200321478511558,,6.289340266673542e-08,9.451010210128863e-06,835.15708657608
7.0,87714.08139823217,5799.920103381591,0.020499228740121722,,0.000211207010005356,0.00043486643212838126,715.1722076818947
6.0,96901.58431146547,6420.421922721852,0.017919540567129865,,6.237763442401654e-08,9.972040876985694e-06,595.1658123540799
5.0,106565.289900248,7072.670817462073,0.008891766247497958,,1.6778831330492886e-07,2.285344017499327e-05,475.1830403515658
4.0,111565.0287664357,7413.984145206073,0.0022952492983266746,,7.143579256852097e-05,0.00015970309846083153,355.25329665002226
3.0,124621.7940439605,8292.436091965697,0.007427754213085466,,1.8242938543579357e-07,1.0158470630483988e-05,235.21546256401115
2.0,138386.97065710367,9218.109411533213,0.0002604658407158542,,0.0,0.0,115.32818177627131
