num_sutures,loss,closure loss,shear loss,var loss,var loss - center,var loss - ins/ext,ideal loss
8.0,1923.2739139739072,47.50321661659415,37.02521405570847,,0.18816390636845226,44.087025188472595,758.8194764391957
7.0,2346.7411499046107,64.81263068550194,31.256636463655763,,0.4653150570652537,43.599611669863805,951.0870565998368
9.0,8327.478581496849,482.21185542318267,42.154332027763175,,0.10208328879062882,44.444724281230236,615.6357448574245
6.0,9755.753280899966,541.4594704360901,20.063551435867275,,0.1533155063455971,51.269477341747155,1224.0868170526467
10.0,21577.478788753484,1370.3074581755156,49.61277872030208,,0.006301654282074378,44.681003642383075,506.6413808135571
5.0,24028.271822815248,1463.766281454367,15.765652485027305,,0.42868285357534386,58.885061766048146,1634.4947737354132
11.0,41198.093996177944,2680.8388071700033,60.43954130789897,,0.02043363448164702,44.03098253764331,418.88308324875993
12.0,67054.16381518387,4404.2376265467965,72.14489778854578,,0.0320739286318009,46.302400997789576,351.67563490886937
13.0,99304.71827964655,6550.389107819974,88.30840619332179,,0.041379314114931384,51.11877888308069,300.1304063124538
