num_sutures,loss,closure loss,shear loss,var loss,var loss - center,var loss - ins/ext,ideal loss
6.0,2756.4028134256164,68.70634064820733,143.49898232015954,,0.033063349511454336,62.45644470903547,633.1773636533584
7.0,3482.047389716199,41.58007779159806,360.31032043976114,,0.015474090828446255,84.06533158299627,552.2169420555035
8.0,7945.133574902037,249.37016935799303,531.9812380417106,,0.20409544242075095,165.8901398238899,546.8848600711998
5.0,11637.874814801293,630.9230576064505,178.7778893218768,,0.0036066873989837006,63.75082906406955,897.5912494619471
4.0,30758.397858257995,1859.5996601951276,142.60039307075562,,4.859606862870708e-05,131.0615772353037,1365.0309434126552
9.0,35555.72929575566,2131.9148016786457,421.3341518444606,,0.005355361658537678,169.6222811174095,452.5385603093039
3.0,63462.79892944454,4008.7673833607223,86.37351531689626,,3.780002941410013e-05,119.21275080384598,2184.1436440258035
2.0,105990.35965130881,6738.78488363872,76.75889840083798,,0.0,0.0,4524.791904723831
