{"2": {"var_loss": 0.0, "ideal_loss": 0.000520952445309531, "closure_loss": 1.1886898767840746, "shear_loss": 0.005143809842904399, "curr_loss": 1.1204411935444727}, "3": {"var_loss": 3.251954020911315e-06, "ideal_loss": 2.8243152567450573e-05, "closure_loss": 0.3299283903502234, "shear_loss": 0.003229842490301495, "curr_loss": 0.21269696033742036}}