{"2": {"var_loss": 0.0, "ideal_loss": 0.002173334477404553, "closure_loss": 1.6454818062922263, "shear_loss": 0.018762533207938116, "curr_loss": 3.014837913758604}, "3": {"var_loss": 8.042234091292018e-05, "ideal_loss": 0.0007773330616181498, "closure_loss": 1.216667436056449, "shear_loss": 0.02213722192872635, "curr_loss": 1.8099157061397015}, "4": {"var_loss": 5.261477595002594e-05, "ideal_loss": 0.00041276788807929476, "closure_loss": 0.5734364617155785, "shear_loss": 0.009528484841934845, "curr_loss": 0.9720884835291486}, "5": {"var_loss": 2.9697446454225447e-05, "ideal_loss": 0.00018990413484632837, "closure_loss": 0.3087632803850892, "shear_loss": 0.024471635653821176, "curr_loss": 0.5172446429638214}, "6": {"var_loss": 2.3816930267317473e-05, "ideal_loss": 0.00012765054163772614, "closure_loss": 0.11804345951595727, "shear_loss": 0.042433970995218194, "curr_loss": 0.34819089372751033}, "7": {"var_loss": 1.8068632991167427e-05, "ideal_loss": 0.00011507550116430512, "closure_loss": 0.06031023473936328, "shear_loss": 0.052848494294438414, "curr_loss": 0.2884222777842623}}