{"var_loss": 0.0003138457120702752, "ideal_loss": 0.003278812560284296, "closure_loss": NaN, "shear_loss": NaN, "curr_loss": NaN}