{"var_loss": 4.504394257282557e-06, "ideal_loss": 0.000997793373537448, "closure_loss": 1.6928347581412482, "shear_loss": 0.023150823453890166, "curr_loss": 2.718283349389869}