{"3": {"closure_loss": 0.03345186433140489, "shear_loss": 0.023813351770810943, "curr_loss": 0.05726521610221583}, "4": {"closure_loss": 0.1898158347766557, "shear_loss": 0.02266955667905954, "curr_loss": 0.21248539145571524}, "5": {"closure_loss": 0.7914214229354639, "shear_loss": 0.01888570665151409, "curr_loss": 0.810307129586978}}