{"6": {"closure_loss": 0.0293543295592488, "shear_loss": 0.005139824482744218, "curr_loss": 1}, "7": {"closure_loss": 0.06375018118564008, "shear_loss": 0.007718483776887652, "curr_loss": 1}, "8": {"closure_loss": 0.16587427104446503, "shear_loss": 0.0050358303769440635, "curr_loss": 1}}