{"3": {"closure_loss": 0.5309095384119403, "shear_loss": 0.004437344648137667, "curr_loss": 0.535346883060078}, "4": {"closure_loss": 0.3535771116702327, "shear_loss": 0.01194436316928403, "curr_loss": 0.36552147483951675}, "5": {"closure_loss": 0.20503624153231806, "shear_loss": 0.00927898020832028, "curr_loss": 0.21431522174063833}, "6": {"closure_loss": 0.07971013210957598, "shear_loss": 0.014105326448652169, "curr_loss": 0.09381545855822815}, "7": {"closure_loss": 0.04535510449849368, "shear_loss": 0.010119347806622237, "curr_loss": 0.05547445230511591}, "8": {"closure_loss": 0.07728473773787092, "shear_loss": 0.00869201413456197, "curr_loss": 0.0859767518724329}}