{"6": {"closure_loss": 0.709139692258768, "shear_loss": 0.010580747010273924, "curr_loss": 0.719720439269042}, "7": {"closure_loss": 0.47923074301491286, "shear_loss": 0.007545740464267113, "curr_loss": 0.48677648347917996}, "8": {"closure_loss": 0.3132021421450104, "shear_loss": 0.0058958709321756935, "curr_loss": 0.3190980130771861}, "9": {"closure_loss": 0.18722987924717224, "shear_loss": 0.0034794016597809525, "curr_loss": 0.1907092809069532}, "10": {"closure_loss": 0.11278407995011659, "shear_loss": 0.003131825957236081, "curr_loss": 0.11591590590735268}, "11": {"closure_loss": 0.07384645690076942, "shear_loss": 0.0032607309962162175, "curr_loss": 0.07710718789698565}, "12": {"closure_loss": 0.0802364051765114, "shear_loss": 0.002888702141271547, "curr_loss": 0.08312510731778294}, "13": {"closure_loss": 0.12125250025082543, "shear_loss": 0.0033550320521064615, "curr_loss": 0.1246075323029319}}