{"4": {"closure_loss": 0.2931366146901755, "shear_loss": 0.0002290501393101029, "curr_loss": 0.2933656648294856}, "5": {"closure_loss": 0.08598068810264309, "shear_loss": 0.0003302618757084013, "curr_loss": 0.0863109499783515}, "6": {"closure_loss": 0.005432688191621683, "shear_loss": 0.00037924086425629005, "curr_loss": 0.005811929055877973}, "7": {"closure_loss": 0.05390351210875893, "shear_loss": 0.0005934918882710823, "curr_loss": 0.054497003997030016}}