{"2": {"var_loss": 0.0, "ideal_loss": 0.0026570934306163977, "closure_loss": 1.461901660431338, "shear_loss": 0.01344715285468337, "curr_loss": 3.4014914136867502}, "3": {"var_loss": 6.269546751243066e-05, "ideal_loss": 0.0008012535541222064, "closure_loss": 0.7767377118219503, "shear_loss": 0.01379872647431756, "curr_loss": 1.5168984740696523}, "4": {"var_loss": 2.9273405688720006e-05, "ideal_loss": 0.00033094693097550224, "closure_loss": 0.2275800017838569, "shear_loss": 0.01588654326946011, "curr_loss": 0.6069905035804908}, "5": {"var_loss": 2.638539120616291e-05, "ideal_loss": 0.0001912009164190222, "closure_loss": 0.07248821393569234, "shear_loss": 0.01898089046548771, "curr_loss": 0.37835286988317063}, "6": {"var_loss": 1.4430904470806105e-05, "ideal_loss": 8.762108925397892e-05, "closure_loss": 0.046390219800883564, "shear_loss": 0.06402151954907839, "curr_loss": 0.24699224105752965}, "7": {"var_loss": 1.2914445537804733e-05, "ideal_loss": 0.00016219206507683218, "closure_loss": 0.23646818986281323, "shear_loss": 0.06184334573852345, "curr_loss": 0.4068417334357859}}