{"4": {"closure_loss": 0.4984954388644319, "shear_loss": 0.07766482163821219, "curr_loss": 0.576160260502644}, "5": {"closure_loss": 0.32954664342764894, "shear_loss": 0.15130451401487927, "curr_loss": 0.4808511574425282}, "6": {"closure_loss": 0.1730004489669511, "shear_loss": 0.16172002415377487, "curr_loss": 0.33472047312072595}, "7": {"closure_loss": 0.0595255672516464, "shear_loss": 0.22603214524704884, "curr_loss": 0.2855577124986952}, "8": {"closure_loss": 0.03567835359970896, "shear_loss": 0.26028602608166884, "curr_loss": 0.2959643796813778}, "9": {"closure_loss": 0.050049421343944696, "shear_loss": 0.3364602558477066, "curr_loss": 0.3865096771916513}, "10": {"closure_loss": 0.11145403289445573, "shear_loss": 0.397067166231874, "curr_loss": 0.5085211991263298}, "11": {"closure_loss": 0.29159708071249174, "shear_loss": 0.5393632024536548, "curr_loss": 0.8309602831661465}, "12": {"closure_loss": 0.3242390682833764, "shear_loss": 0.46517395735663414, "curr_loss": 0.7894130256400105}}