{"3": {"var_loss": 8.925230663850313e-06, "ideal_loss": 0.0022482830048417635, "closure_loss": 0.764602359015354, "shear_loss": 0.029460537943336525, "curr_loss": 0.0007940628969586905}, "4": {"var_loss": 2.447415310966015e-05, "ideal_loss": 0.0009557020126921705, "closure_loss": 0.33655961368715104, "shear_loss": 0.020495018931499968, "curr_loss": 0.00035705463261865103}, "5": {"var_loss": 6.044139443835658e-06, "ideal_loss": 0.0005537656402154862, "closure_loss": 0.09004503792562157, "shear_loss": 0.01847097678143046, "curr_loss": 0.00010851601470705203}, "6": {"var_loss": 5.68570472343269e-06, "ideal_loss": 0.0002581303312469467, "closure_loss": 0.034528965968632995, "shear_loss": 0.031378652527049515, "curr_loss": 6.590761849568252e-05}, "7": {"var_loss": 3.4818501855768228e-06, "ideal_loss": 0.0001383928908642418, "closure_loss": 0.15707287947736046, "shear_loss": 0.04491511906061102, "curr_loss": 0.00020198799853797148}, "8": {"var_loss": 2.025195687236133e-06, "ideal_loss": 7.227795270541804e-05, "closure_loss": 0.4419490128820513, "shear_loss": 0.06240239129399542, "curr_loss": 0.0005043514041760467}, "9": {"var_loss": 2.117845076065659e-06, "ideal_loss": 6.753152983796211e-05, "closure_loss": 0.8960589565046704, "shear_loss": 0.08543207659858233, "curr_loss": 0.0009814910331032527}, "10": {"var_loss": 1.445481724981929e-06, "ideal_loss": 8.955994652875802e-05, "closure_loss": 1.4840712418525686, "shear_loss": 0.11327004797400458, "curr_loss": 0.001597341289826573}}