{"3": {"closure_loss": 0.6443390965898391, "shear_loss": 0.053696801955297004, "curr_loss": 0.6980358985451361}, "4": {"closure_loss": 0.5205259644044131, "shear_loss": 0.0984725732133473, "curr_loss": 0.6189985376177605}, "5": {"closure_loss": 0.35683893686101514, "shear_loss": 0.10106481151537747, "curr_loss": 0.4579037483763926}, "6": {"closure_loss": 0.16861299659973758, "shear_loss": 0.09150009356227723, "curr_loss": 1}, "7": {"closure_loss": 0.07652674330638719, "shear_loss": 0.18948287898190047, "curr_loss": 1}, "8": {"closure_loss": 0.04469018680953114, "shear_loss": 0.18703057875502174, "curr_loss": 1}}