{"4": {"closure_loss": 0.5295627723682359, "shear_loss": 0.2518139016791346, "curr_loss": 0.7813766740473704}, "5": {"closure_loss": 0.2893383402254031, "shear_loss": 0.3622260116179677, "curr_loss": 0.6515643518433708}, "6": {"closure_loss": 0.15072568881122025, "shear_loss": 0.30282184500232673, "curr_loss": 0.45354753381354695}, "7": {"closure_loss": 0.06427430109991089, "shear_loss": 0.29043389049122215, "curr_loss": 1}}