{"2": {"var_loss": 0.0, "ideal_loss": 0.0022867543480868864, "closure_loss": 1.4971604130421807, "shear_loss": 0.0031600716415674337, "curr_loss": 3.038494626249544}, "3": {"var_loss": 4.466144746605668e-06, "ideal_loss": 0.0015014750505607864, "closure_loss": 0.744485928472268, "shear_loss": 0.025668897182402825, "curr_loss": 1.9217176357123515}, "4": {"var_loss": 1.995148273897825e-05, "ideal_loss": 0.00045726347167626973, "closure_loss": 0.32054043639787266, "shear_loss": 0.01637854874103993, "curr_loss": 0.7336696523111372}, "5": {"var_loss": 3.3715765114586464e-06, "ideal_loss": 0.00017681244861159773, "closure_loss": 0.08406626785981919, "shear_loss": 0.0121075279009664, "curr_loss": 0.24781099299976694}, "6": {"var_loss": 4.612300499880773e-06, "ideal_loss": 0.00010191844140282791, "closure_loss": 0.029294743110686444, "shear_loss": 0.02295224713069926, "curr_loss": 0.16257956258827425}, "7": {"var_loss": 2.161644674904006e-06, "ideal_loss": 0.00013603554198794528, "closure_loss": 0.15246856049970917, "shear_loss": 0.0317817845935208, "curr_loss": 0.2548598302058407}}