{"2": {"var_loss": 0.0, "ideal_loss": 0.0023018973357444615, "closure_loss": 1.4999590360470918, "shear_loss": 0.0032752865294224816, "curr_loss": 3.0551521402974298}, "3": {"var_loss": 4.163620033247725e-06, "ideal_loss": 0.0014967198976551007, "closure_loss": 0.7437145087542755, "shear_loss": 0.024910358106355546, "curr_loss": 1.9143056103048328}, "4": {"var_loss": 2.0279189130685007e-05, "ideal_loss": 0.0004604477935872869, "closure_loss": 0.32407839773766417, "shear_loss": 0.016488111488197794, "curr_loss": 0.7403710495977418}, "5": {"var_loss": 3.166542783698771e-06, "ideal_loss": 0.00017458670737823464, "closure_loss": 0.08406905992807323, "shear_loss": 0.012705502881156187, "curr_loss": 0.2451594541419213}, "6": {"var_loss": 4.346187756228665e-06, "ideal_loss": 0.00010185798734875745, "closure_loss": 0.032765512707165864, "shear_loss": 0.022454441891650037, "curr_loss": 0.16242612437513376}, "7": {"var_loss": 2.0008293584785198e-06, "ideal_loss": 0.000134482371934574, "closure_loss": 0.16297140232514395, "shear_loss": 0.03501271210668483, "curr_loss": 0.2609849319962234}}