{"3": {"var_loss": 4.908591480831396e-06, "ideal_loss": 0.002707114146167728, "closure_loss": 1.3453186833148845, "shear_loss": 0.017194353865537693, "curr_loss": 3.421510799094865}, "4": {"var_loss": 1.872196612412035e-06, "ideal_loss": 0.001136651305848274, "closure_loss": 1.1080693495114895, "shear_loss": 0.002580015911881958, "curr_loss": 1.702626979577961}, "5": {"var_loss": 7.126237500445869e-07, "ideal_loss": 0.0004333071373752398, "closure_loss": 0.6802065886339987, "shear_loss": 0.02171778680007687, "curr_loss": 0.7986913372425389}, "6": {"var_loss": 2.4062133614399625e-06, "ideal_loss": 0.00013908569047405117, "closure_loss": 0.4765302518863842, "shear_loss": 0.017438085973566258, "curr_loss": 0.40681996919800933}, "7": {"var_loss": 5.203066305623359e-06, "ideal_loss": 5.197085476845825e-05, "closure_loss": 0.22619585236753484, "shear_loss": 0.03028602789821662, "curr_loss": 0.2213701403785591}, "8": {"var_loss": 9.274063504609315e-07, "ideal_loss": 3.29074082120295e-05, "closure_loss": 0.16056612205394025, "shear_loss": 0.022834527689286836, "curr_loss": 0.14066202868059113}, "9": {"var_loss": 3.0499647494522444e-06, "ideal_loss": 0.0001260259924820182, "closure_loss": 0.0695072138243057, "shear_loss": 0.04637167807722108, "curr_loss": 0.22240110121865334}, "10": {"var_loss": 5.642209076152943e-07, "ideal_loss": 0.0002361060218892115, "closure_loss": 0.0104515118305711, "shear_loss": 0.06820076279720046, "curr_loss": 0.312353645139774}}