{"2": {"var_loss": 0.0, "ideal_loss": 0.0008187860511837278, "closure_loss": 1.5305677086116365, "shear_loss": 0.35501986202244523, "curr_loss": 1.9390897675119914}, "3": {"var_loss": 2.0061222603871615e-05, "ideal_loss": 0.00011840219182323687, "closure_loss": 0.8895336854135978, "shear_loss": 0.35612807424690673, "curr_loss": 1.0196032217963007}, "4": {"var_loss": 1.5751043883057546e-05, "ideal_loss": 5.952456927064113e-05, "closure_loss": 0.2519750418532602, "shear_loss": 0.3115395310665961, "curr_loss": 0.575806840679155}, "5": {"var_loss": 7.295473793343431e-06, "ideal_loss": 0.00013543108088818104, "closure_loss": 0.0620554181671343, "shear_loss": 0.32245160201340106, "curr_loss": 0.5253877609518665}, "6": {"var_loss": 4.991174471007456e-06, "ideal_loss": 0.0002904359238697, "closure_loss": 0.05827767802218682, "shear_loss": 0.33343729534474054, "curr_loss": 0.6779679305805713}}