{"2": {"var_loss": 0.0, "ideal_loss": 0.0005209524540888562, "closure_loss": 1.1886898767840746, "shear_loss": 0.005143809842904399, "curr_loss": 1.120441202323798}, "3": {"var_loss": 3.2519540071683835e-06, "ideal_loss": 2.8243153687190626e-05, "closure_loss": 0.3299283903502234, "shear_loss": 0.003229842490301495, "curr_loss": 0.21269696138844577}}