{"2": {"var_loss": 0.0, "ideal_loss": 0.001091947611884857, "closure_loss": 1.1031572026780672, "shear_loss": 0.07164910002501743, "curr_loss": 1.715175313248908}, "3": {"var_loss": 0.00011395197557819523, "ideal_loss": 0.00036621932707673455, "closure_loss": 0.4024258133970202, "shear_loss": 0.15811175093770524, "curr_loss": 1.2953038626039262}, "4": {"var_loss": 3.536564952527389e-06, "ideal_loss": 1.0744913353948473e-05, "closure_loss": 0.3016099445079336, "shear_loss": 0.13795794371319578, "curr_loss": 0.31719065408374797}, "5": {"var_loss": 3.0361997068918077e-05, "ideal_loss": 0.00020472454142467152, "closure_loss": 0.9851263462108263, "shear_loss": 0.12745659949923538, "curr_loss": 0.9765542993739106}, "6": {"var_loss": 1.7897315102469116e-05, "ideal_loss": 0.00011790910836387702, "closure_loss": 0.361148596634573, "shear_loss": 0.21810152531037524, "curr_loss": 0.6060715075038843}, "7": {"var_loss": 0.0021311124787183984, "ideal_loss": 0.01633150157368453, "closure_loss": 0.9850535551837876, "shear_loss": 0.5820388324500898, "curr_loss": 28.061629577318506}}