{"2": {"var_loss": 0.0, "ideal_loss": 0.000826770259269756, "closure_loss": 1.6395020319435532, "shear_loss": 0.04740647936428818, "curr_loss": 1.6939277546058207}, "3": {"var_loss": 9.536772693818777e-05, "ideal_loss": 0.00026830370299175255, "closure_loss": 0.80291147525605, "shear_loss": 0.04532549381299244, "curr_loss": 1.191923569123709}, "4": {"var_loss": 4.237838604542119e-05, "ideal_loss": 0.0001291653817116347, "closure_loss": 0.31974376234055424, "shear_loss": 0.08665956332899531, "curr_loss": 0.5875887564380131}}