{"2": {"var_loss": 0.0, "ideal_loss": 0.0020259125244260767, "closure_loss": 1.573719339394572, "shear_loss": 0.022029402432286495, "curr_loss": 2.834801596555649}, "3": {"var_loss": 3.311314702538308e-05, "ideal_loss": 0.0013073054950923095, "closure_loss": 1.010255012472397, "shear_loss": 0.029298112257481433, "curr_loss": 2.007296848712905}, "4": {"var_loss": 6.212761359234932e-06, "ideal_loss": 0.0008061651729856244, "closure_loss": 0.49172798774018045, "shear_loss": 0.04438466681353459, "curr_loss": 1.1274776404654239}, "5": {"var_loss": 2.4992854005545853e-05, "ideal_loss": 0.0004280873022209428, "closure_loss": 0.21589935514064887, "shear_loss": 0.028990122036505483, "curr_loss": 0.689991371855502}, "6": {"var_loss": 7.901566722223989e-06, "ideal_loss": 0.0002180494668781435, "closure_loss": 0.050502717688378, "shear_loss": 0.09126504065787143, "curr_loss": 0.3740736999913239}, "7": {"var_loss": 1.6926848889417863e-05, "ideal_loss": 0.0002512204277101531, "closure_loss": 0.05117793930151819, "shear_loss": 0.04402493906339635, "curr_loss": 0.40546858087139787}}