{"2": {"var_loss": 0.0, "ideal_loss": 0.0020884570915884705, "closure_loss": 1.6878088711060044, "shear_loss": 0.006933115008966321, "curr_loss": 2.939294642150439}, "3": {"var_loss": 3.1656241817373576e-05, "ideal_loss": 0.0015527476992294217, "closure_loss": 1.1415888882949947, "shear_loss": 0.010285715023065543, "curr_loss": 2.2921090674868525}, "4": {"var_loss": 7.05837296752336e-06, "ideal_loss": 0.0009559573991134681, "closure_loss": 0.552326137729225, "shear_loss": 0.03855613792093153, "curr_loss": 1.305968470736629}, "5": {"var_loss": 8.759137258691445e-06, "ideal_loss": 0.0004484646225564965, "closure_loss": 0.23621823611544937, "shear_loss": 0.023472844850241543, "curr_loss": 0.63384227175792}, "6": {"var_loss": 2.8297298682396765e-05, "ideal_loss": 0.0003194531787244591, "closure_loss": 0.14078545136826331, "shear_loss": 0.012873936866176258, "curr_loss": 0.5442063346867508}, "7": {"var_loss": 1.4594755563328313e-05, "ideal_loss": 0.0002277985351327437, "closure_loss": 0.035992875724489275, "shear_loss": 0.0354675382328411, "curr_loss": 0.354236289044471}}