{"3": {"var_loss": 1.7331587680699752e-05, "ideal_loss": 0.001775426366041506, "closure_loss": 1.082729023616922, "shear_loss": 0.014368557654360991, "curr_loss": 2.417817373907827}, "4": {"var_loss": 6.2635731859755576e-06, "ideal_loss": 0.0010201700154415397, "closure_loss": 0.606227051041978, "shear_loss": 0.016004870654008466, "curr_loss": 1.370606277546415}, "5": {"var_loss": 1.8936766735982468e-06, "ideal_loss": 0.0004833500810544348, "closure_loss": 0.24378925470854593, "shear_loss": 0.009177260199787303, "curr_loss": 0.6238903519764863}, "6": {"var_loss": 1.8564881658979067e-06, "ideal_loss": 0.00023421661473206013, "closure_loss": 0.07772940756454022, "shear_loss": 0.007662341923547427, "curr_loss": 0.2900261012673672}, "7": {"var_loss": 2.0057200213441484e-06, "ideal_loss": 0.00015717129183668189, "closure_loss": 0.011542258563838101, "shear_loss": 0.010661981679553753, "curr_loss": 0.18363300290487544}, "8": {"var_loss": 2.293648765853308e-06, "ideal_loss": 0.0001926202556644226, "closure_loss": 0.06325279244367028, "shear_loss": 0.016580247154923226, "curr_loss": 0.2522951428704475}, "9": {"var_loss": 1.1827618380460563e-06, "ideal_loss": 0.0002968119939754767, "closure_loss": 0.1828772271419905, "shear_loss": 0.021835237768169258, "curr_loss": 0.4159996545048715}}