{"2": {"var_loss": 0.0, "ideal_loss": 0.0008267702388755128, "closure_loss": 1.6395020319435532, "shear_loss": 0.04740647936428818, "curr_loss": 1.6939277342115777}, "3": {"var_loss": 9.834830609069112e-05, "ideal_loss": 0.0002759083807142381, "closure_loss": 0.8284049051355908, "shear_loss": 0.047078506697939684, "curr_loss": 1.228930870433429}, "4": {"var_loss": 4.954604616383309e-05, "ideal_loss": 0.00014952989180737542, "closure_loss": 0.34824636381009616, "shear_loss": 0.08007021771099011, "curr_loss": 0.651453522242579}}