{"2": {"var_loss": 0.0, "ideal_loss": 0.002301897361281465, "closure_loss": 1.4999590360470918, "shear_loss": 0.0032752865294224816, "curr_loss": 3.0551521658344334}, "3": {"var_loss": 1.8850924367902342e-05, "ideal_loss": 0.0012815020653574297, "closure_loss": 0.7636517307082475, "shear_loss": 0.023407061273406842, "curr_loss": 1.780989613824472}, "4": {"var_loss": 1.0435929740677736e-05, "ideal_loss": 0.0004085301599620546, "closure_loss": 0.3324603145726964, "shear_loss": 0.011039776215035978, "curr_loss": 0.6379797421668275}, "5": {"var_loss": 3.3077466385390557e-06, "ideal_loss": 0.00016585941835522467, "closure_loss": 0.08225808032670337, "shear_loss": 0.010083856409444494, "curr_loss": 0.23361104812071612}, "6": {"var_loss": 2.946231330477778e-06, "ideal_loss": 9.240773689971873e-05, "closure_loss": 0.028211137372986275, "shear_loss": 0.015219348965819572, "curr_loss": 0.13646381120442033}, "7": {"var_loss": 2.248436545065964e-06, "ideal_loss": 0.00013645946158794263, "closure_loss": 0.15734438130918385, "shear_loss": 0.024420417260528127, "curr_loss": 0.2507942522283925}}