{"2": {"var_loss": 0.0, "ideal_loss": 0.00228675437360953, "closure_loss": 1.4971604130421807, "shear_loss": 0.0031600716415674337, "curr_loss": 3.0384946517721874}, "3": {"var_loss": 2.2495954319592155e-05, "ideal_loss": 0.0012833389396511093, "closure_loss": 0.7640602453656622, "shear_loss": 0.024370438240143438, "curr_loss": 1.8022192721720445}, "4": {"var_loss": 1.008120582157619e-05, "ideal_loss": 0.00040259264014910073, "closure_loss": 0.3359143085666638, "shear_loss": 0.010761805586833349, "curr_loss": 0.6317176291271469}, "5": {"var_loss": 3.125340193686987e-06, "ideal_loss": 0.00016726675817680493, "closure_loss": 0.08100881642386311, "shear_loss": 0.01119040007043486, "curr_loss": 0.23458826742760627}, "6": {"var_loss": 3.0971531153250777e-06, "ideal_loss": 9.238220636476743e-05, "closure_loss": 0.026595562810739846, "shear_loss": 0.01688450234779386, "curr_loss": 0.1380502556945566}, "7": {"var_loss": 2.3526265182933482e-06, "ideal_loss": 0.00013566901046422377, "closure_loss": 0.15391972105839347, "shear_loss": 0.024725580231932245, "curr_loss": 0.2491175838168195}}