{"2": {"var_loss": 0.0, "ideal_loss": 0.002173334499817401, "closure_loss": 1.6454818062922263, "shear_loss": 0.018762533207938116, "curr_loss": 3.0148379361714523}, "3": {"var_loss": 8.099496092946429e-05, "ideal_loss": 0.0007757767652237676, "closure_loss": 1.204355723676538, "shear_loss": 0.022450951703287342, "curr_loss": 1.8053803834126456}, "4": {"var_loss": 4.18416045793417e-05, "ideal_loss": 0.0003746472543019251, "closure_loss": 0.5462232580976273, "shear_loss": 0.01818409948438013, "curr_loss": 0.8751510057318272}, "5": {"var_loss": 2.8479835159636302e-05, "ideal_loss": 0.000184012014923538, "closure_loss": 0.2992013068862345, "shear_loss": 0.02617291390970438, "curr_loss": 0.5021847580745411}, "6": {"var_loss": 2.0059316602360884e-05, "ideal_loss": 0.0001067751884212676, "closure_loss": 0.10060215981063625, "shear_loss": 0.030718225355455313, "curr_loss": 0.2880910766938455}, "7": {"var_loss": 1.7393433193755777e-05, "ideal_loss": 0.00011096777491822617, "closure_loss": 0.0610722116081256, "shear_loss": 0.05598597202328218, "curr_loss": 0.28445701871435003}}