{"2": {"var_loss": 0.0, "ideal_loss": 0.0008188847760245868, "closure_loss": 1.47440745917638, "shear_loss": 0.37775362827040326, "curr_loss": 1.9338421338831802}, "3": {"var_loss": 3.315107546627546e-05, "ideal_loss": 0.00015021522483638037, "closure_loss": 0.9450709790332931, "shear_loss": 0.3711564400639587, "curr_loss": 1.1596625317483629}, "4": {"var_loss": 1.6272092564847778e-05, "ideal_loss": 5.7813108530039634e-05, "closure_loss": 0.32235788046590114, "shear_loss": 0.33748222835240776, "curr_loss": 0.6378347399396369}, "5": {"var_loss": 8.426590637737033e-06, "ideal_loss": 0.00012737671601472452, "closure_loss": 0.08916486408795421, "shear_loss": 0.34165038046951607, "curr_loss": 0.5557424817169029}, "6": {"var_loss": 6.154705670714348e-06, "ideal_loss": 0.00028628533352857656, "closure_loss": 0.055896990694267984, "shear_loss": 0.3837863755835637, "curr_loss": 0.728793732812846}}