{"4": {"closure_loss": 0.170739818551326, "shear_loss": 0.0001926158830946615, "curr_loss": 0.17093243443442066}, "5": {"closure_loss": 0.030098961617260125, "shear_loss": 0.000301287224031462, "curr_loss": 0.030400248841291586}, "6": {"closure_loss": 0.0024517505845929742, "shear_loss": 0.0004393202740777915, "curr_loss": 0.0028910708586707655}, "7": {"closure_loss": 0.04866951144348875, "shear_loss": 0.0006689097685322409, "curr_loss": 0.04933842121202099}}