{"3": {"closure_loss": 0.5172114374237871, "shear_loss": 0.0684548876981669, "curr_loss": 0.5856663251219539}, "4": {"closure_loss": 0.35704848048749716, "shear_loss": 0.07890259894263733, "curr_loss": 0.4359510794301345}, "5": {"closure_loss": 0.18327762457679347, "shear_loss": 0.07840682252756627, "curr_loss": 0.26168444710435973}, "6": {"closure_loss": 0.15279274350374156, "shear_loss": 0.09157594573503608, "curr_loss": 1}, "7": {"closure_loss": 0.06141673894467202, "shear_loss": 0.18949784433445835, "curr_loss": 1}, "8": {"closure_loss": 0.027837717399005302, "shear_loss": 0.13250597791042662, "curr_loss": 0.16034369530943193}}