{"6": {"closure_loss": 0.017759388180482123, "shear_loss": 0.006972713660403311, "curr_loss": 0.024732101840885434}, "7": {"closure_loss": 0.0649730441752599, "shear_loss": 0.007669621198434082, "curr_loss": 1}, "8": {"closure_loss": 0.16908941452337375, "shear_loss": 0.004971119624849295, "curr_loss": 1}}