{"4": {"closure_loss": 0.3828940838143119, "shear_loss": 0.24727148896011844, "curr_loss": 0.6301655727744303}, "5": {"closure_loss": 0.23392811144057957, "shear_loss": 0.19712725224876645, "curr_loss": 0.43105536368934605}, "6": {"closure_loss": 0.09975488278099003, "shear_loss": 0.2264561833145956, "curr_loss": 0.32621106609558564}, "7": {"closure_loss": 0.05747361319673561, "shear_loss": 0.2902978944349685, "curr_loss": 1}}