{"2": {"var_loss": 0.0, "ideal_loss": 0.002657093384640424, "closure_loss": 1.461901660431338, "shear_loss": 0.01344715285468337, "curr_loss": 3.401491367710776}, "3": {"var_loss": 5.9335842365335377e-05, "ideal_loss": 0.0007499069909820192, "closure_loss": 0.7743687114320427, "shear_loss": 0.013207966049464632, "curr_loss": 1.446978524574182}, "4": {"var_loss": 2.76392282463216e-05, "ideal_loss": 0.00027173285348740586, "closure_loss": 0.20021932129936684, "shear_loss": 0.019509642661863072, "curr_loss": 0.5295482980305604}, "5": {"var_loss": 1.9486281782300953e-05, "ideal_loss": 0.0001540471824275195, "closure_loss": 0.07965170181530143, "shear_loss": 0.026913550789740965, "curr_loss": 0.31821799303641596}, "6": {"var_loss": 1.0791462562612034e-05, "ideal_loss": 6.954063426505374e-05, "closure_loss": 0.04616770779036321, "shear_loss": 0.03843297870762059, "curr_loss": 0.18501477968091612}, "7": {"var_loss": 2.4635056137679483e-05, "ideal_loss": 0.00020783898748091134, "closure_loss": 0.14487122616487355, "shear_loss": 0.09850512836978073, "curr_loss": 0.5019550096215263}}