{"3": {"closure_loss": 0.020487919737946128, "shear_loss": 0.02294937395742189, "curr_loss": 0.043437293695368015}, "4": {"closure_loss": 0.15577598773641052, "shear_loss": 0.021066335752208808, "curr_loss": 0.17684232348861934}, "5": {"closure_loss": 0.7239966780904672, "shear_loss": 0.016847734822852695, "curr_loss": 0.7408444129133199}}