{"4": {"closure_loss": 0.3346285714782401, "shear_loss": 0.1297202148204446, "curr_loss": 0.4643487862986847}, "5": {"closure_loss": 0.17803637313078413, "shear_loss": 0.10094433009976046, "curr_loss": 0.2789807032305446}, "6": {"closure_loss": 0.11928615767368267, "shear_loss": 0.11888329226854623, "curr_loss": 0.23816944994222888}, "7": {"closure_loss": 0.06678463699693113, "shear_loss": 0.17899454510692658, "curr_loss": 0.2457791821038577}, "8": {"closure_loss": 0.02778970216493567, "shear_loss": 0.16811647873612337, "curr_loss": 0.19590618090105905}, "9": {"closure_loss": 0.05543887371363551, "shear_loss": 0.153899384446494, "curr_loss": 0.20933825816012952}, "10": {"closure_loss": 0.12883189443411697, "shear_loss": 0.29479698812359617, "curr_loss": 0.42362888255771314}, "11": {"closure_loss": 0.13387642977945222, "shear_loss": 0.21743240715167478, "curr_loss": 0.351308836931127}, "12": {"closure_loss": 0.27690090846577936, "shear_loss": 0.27346456367356037, "curr_loss": 0.5503654721393397}}