{"3": {"closure_loss": 0.38830673030908164, "shear_loss": 0.010122066590386877, "curr_loss": 0.39842879689946853}, "4": {"closure_loss": 0.2401817714636936, "shear_loss": 0.018057452978474248, "curr_loss": 0.25823922444216785}, "5": {"closure_loss": 0.11688755200094399, "shear_loss": 0.012002238691732834, "curr_loss": 0.1288897906926768}, "6": {"closure_loss": 0.048530426092528695, "shear_loss": 0.012794611180541248, "curr_loss": 0.06132503727306994}, "7": {"closure_loss": 0.00973046405363925, "shear_loss": 0.007925077536273674, "curr_loss": 0.017655541589912924}, "8": {"closure_loss": 0.02085709999349081, "shear_loss": 0.006155949062389012, "curr_loss": 0.027013049055879822}}