{"3": {"var_loss": 8.925231695902266e-06, "ideal_loss": 0.0022482830475195814, "closure_loss": 0.764602359015354, "shear_loss": 0.029460537943336525, "curr_loss": 0.0007940628969586905}, "4": {"var_loss": 2.4474154585879155e-05, "ideal_loss": 0.0009557020384537294, "closure_loss": 0.33655961368715104, "shear_loss": 0.020495018931499968, "curr_loss": 0.00035705463261865103}, "5": {"var_loss": 6.044139878983776e-06, "ideal_loss": 0.0005537656563526687, "closure_loss": 0.09004503792562157, "shear_loss": 0.01847097678143046, "curr_loss": 0.00010851601470705203}, "6": {"var_loss": 5.685705115888632e-06, "ideal_loss": 0.0002581303409612602, "closure_loss": 0.034528965968632995, "shear_loss": 0.031378652527049515, "curr_loss": 6.590761849568252e-05}, "7": {"var_loss": 3.4818503774353283e-06, "ideal_loss": 0.00013839289630390418, "closure_loss": 0.15707287947736046, "shear_loss": 0.04491511906061102, "curr_loss": 0.00020198799853797148}, "8": {"var_loss": 2.0251958356386492e-06, "ideal_loss": 7.227795489473144e-05, "closure_loss": 0.4419490128820513, "shear_loss": 0.06240239129399542, "curr_loss": 0.0005043514041760467}, "9": {"var_loss": 2.1178451634536144e-06, "ideal_loss": 6.753152944794637e-05, "closure_loss": 0.8960589565046704, "shear_loss": 0.08543207659858233, "curr_loss": 0.0009814910331032527}, "10": {"var_loss": 1.4454818056067019e-06, "ideal_loss": 8.955994435641638e-05, "closure_loss": 1.4840712418525686, "shear_loss": 0.11327004797400458, "curr_loss": 0.001597341289826573}}