{"6": {"closure_loss": 0.5897608362197838, "shear_loss": 0.007303300455586665, "curr_loss": 0.5970641366753705}, "7": {"closure_loss": 0.39770332087018034, "shear_loss": 0.003910805780750578, "curr_loss": 0.40161412665093094}, "8": {"closure_loss": 0.25663707396086605, "shear_loss": 0.0030800088735175625, "curr_loss": 0.2597170828343836}, "9": {"closure_loss": 0.1467162837478845, "shear_loss": 0.00228625170481006, "curr_loss": 0.14900253545269457}, "10": {"closure_loss": 0.07617979355933308, "shear_loss": 0.001414950786027542, "curr_loss": 0.07759474434536062}, "11": {"closure_loss": 0.03700792488084198, "shear_loss": 0.0018839087544200057, "curr_loss": 0.03889183363526198}, "12": {"closure_loss": 0.017084660739525605, "shear_loss": 0.0023856155093796793, "curr_loss": 0.019470276248905283}, "13": {"closure_loss": 0.03459215988761011, "shear_loss": 0.003548078749987653, "curr_loss": 0.03814023863759776}}