{"2": {"var_loss": 0.0, "ideal_loss": 0.0014155663357542216, "closure_loss": 1.3677835273978889, "shear_loss": 0.0010337134220646945, "curr_loss": 2.100491812875231}, "3": {"var_loss": 1.3121105257511404e-06, "ideal_loss": 0.00021306254711763635, "closure_loss": 0.6356568262236003, "shear_loss": 0.0015021223056487397, "curr_loss": 0.538953635163841}, "4": {"var_loss": 6.669741739535833e-07, "ideal_loss": 6.680604719084191e-06, "closure_loss": 0.24513281727203168, "shear_loss": 0.001118254114960577, "curr_loss": 0.13370013833982852}}