{"2": {"var_loss": 0.0, "ideal_loss": 0.0008246458108272672, "closure_loss": 1.483251297367785, "shear_loss": 0.37638908843939334, "curr_loss": 1.942660547950553}, "3": {"var_loss": 2.0495052854036034e-05, "ideal_loss": 0.00012230105735674642, "closure_loss": 0.9565394424821083, "shear_loss": 0.37396412082730224, "curr_loss": 1.077010163695283}, "4": {"var_loss": 1.2949675763193396e-05, "ideal_loss": 5.0795852071985564e-05, "closure_loss": 0.3488480446765895, "shear_loss": 0.3217888571548543, "curr_loss": 0.6117571103811016}, "5": {"var_loss": 6.7799261687821e-06, "ideal_loss": 0.00012794950180782105, "closure_loss": 0.10291650386639654, "shear_loss": 0.34037276094873503, "curr_loss": 0.5536801455336648}, "6": {"var_loss": 5.195471302699265e-06, "ideal_loss": 0.00028392750764349073, "closure_loss": 0.0540245591122016, "shear_loss": 0.349405846861079, "curr_loss": 0.6863229905741668}}