{"var_loss": 9.99934874247033e-05, "ideal_loss": 0.00045619924484878314, "closure_loss": NaN, "shear_loss": NaN, "curr_loss": NaN}