{"2": {"var_loss": 0.0, "ideal_loss": 0.0014155663158713536, "closure_loss": 1.3677835273978889, "shear_loss": 0.0010337134220646945, "curr_loss": 2.1004917929923628}, "3": {"var_loss": 1.3121105244955341e-06, "ideal_loss": 0.0002130625418355143, "closure_loss": 0.6356568262236003, "shear_loss": 0.0015021223056487397, "curr_loss": 0.5389536298754409}, "4": {"var_loss": 6.669741726659258e-07, "ideal_loss": 6.680604308021237e-06, "closure_loss": 0.24513281727203168, "shear_loss": 0.001118254114960577, "curr_loss": 0.13370013792232727}}