{"2": {"var_loss": 0.0, "ideal_loss": 0.0010919475073546787, "closure_loss": 1.1031572026780672, "shear_loss": 0.07164910002501743, "curr_loss": 1.7151752087187297}, "3": {"var_loss": 0.0003176607048057558, "ideal_loss": 0.001038839089958002, "closure_loss": 1.8041136595560339, "shear_loss": 0.029502893274559825, "curr_loss": 3.5587023370393576}, "4": {"var_loss": 0.0002486730850376845, "ideal_loss": 0.0011845112133063392, "closure_loss": 1.0253876059540765, "shear_loss": 0.5109161876972157, "curr_loss": 3.4514866291690156}, "5": {"var_loss": 0.00021673240610685572, "ideal_loss": 0.0010243228905806212, "closure_loss": 1.022072405841381, "shear_loss": 0.24557020477528685, "curr_loss": 2.864591328810877}, "6": {"var_loss": 0.00015626614308151938, "ideal_loss": 0.0008293974345929755, "closure_loss": 1.0729207457870247, "shear_loss": 0.38465078787430623, "curr_loss": 2.531839310768391}, "7": {"var_loss": 0.00011603568845806696, "ideal_loss": 0.0007396447000724115, "closure_loss": 0.6398357196614225, "shear_loss": 0.7761179910759473, "curr_loss": 2.4158589932694046}}