{"var_loss": 8.860298144216714e-06, "ideal_loss": 0.000139433311108414, "closure_loss": 0.03226485072152061, "shear_loss": 0.06597049850112033, "curr_loss": 0.24652895847527165}