{"2": {"var_loss": 0.0, "ideal_loss": 0.0008187860409093158, "closure_loss": 1.5305677086116365, "shear_loss": 0.35501986202244523, "curr_loss": 1.9390897572375794}, "3": {"var_loss": 3.554859863949655e-05, "ideal_loss": 0.00015227825487979782, "closure_loss": 0.8158052406136725, "shear_loss": 0.3522109186333926, "curr_loss": 1.0901347870175095}, "4": {"var_loss": 1.8365532641163595e-05, "ideal_loss": 6.535951267313308e-05, "closure_loss": 0.2591741826522673, "shear_loss": 0.3104150381923425, "curr_loss": 0.5971893053974272}, "5": {"var_loss": 9.02326383842132e-06, "ideal_loss": 0.0001362926150841766, "closure_loss": 0.04893028007921956, "shear_loss": 0.3409855131702952, "curr_loss": 0.5468595874861881}, "6": {"var_loss": 5.952892199763684e-06, "ideal_loss": 0.000291782864560432, "closure_loss": 0.057058282968033974, "shear_loss": 0.34850665308801626, "curr_loss": 0.6985831201312837}}