{"3": {"var_loss": 4.933302905268756e-06, "ideal_loss": 0.002707144274232117, "closure_loss": 1.3453186833148845, "shear_loss": 0.017194353865537693, "curr_loss": 3.4216644842814405}, "4": {"var_loss": 1.6802424406336585e-05, "ideal_loss": 0.0011873933628522711, "closure_loss": 1.094115057035471, "shear_loss": 0.008532553985983776, "curr_loss": 1.8269955673876732}, "5": {"var_loss": 1.3491647253445255e-05, "ideal_loss": 0.0004857921297602491, "closure_loss": 0.6448531689237772, "shear_loss": 0.018227196286507777, "curr_loss": 0.8939041467758717}, "6": {"var_loss": 8.707561209487873e-06, "ideal_loss": 0.00017017682302592917, "closure_loss": 0.40779322154948894, "shear_loss": 0.03925361117188184, "curr_loss": 0.45686485101999486}, "7": {"var_loss": 5.920114585062266e-06, "ideal_loss": 5.604751018453306e-05, "closure_loss": 0.2247030725843507, "shear_loss": 0.03375476188850254, "curr_loss": 0.23175438129052228}, "8": {"var_loss": 4.890202726699045e-06, "ideal_loss": 5.962068265203346e-05, "closure_loss": 0.12661113041831532, "shear_loss": 0.048422907357710224, "curr_loss": 0.19580016885239657}, "9": {"var_loss": 3.675755141744513e-06, "ideal_loss": 0.00013119950667405924, "closure_loss": 0.08046037155110818, "shear_loss": 0.050638018907525215, "curr_loss": 0.2404464870658611}, "10": {"var_loss": 3.050976345620961e-06, "ideal_loss": 0.000255870420173011, "closure_loss": 0.05699500829789166, "shear_loss": 0.06648116584766255, "curr_loss": 0.36610397189772426}}